검색어,제목,링크
빅데이터,"네이버뉴스
새 창 열림",https://n.news.naver.com/mnews/article/001/0016345643?sid=105
빅데이터,"네이버뉴스
새 창 열림",https://n.news.naver.com/mnews/article/003/0014222718?sid=105
빅데이터,"네이버뉴스
새 창 열림",https://n.news.naver.com/mnews/article/018/0006377450?sid=105
빅데이터,"네이버뉴스
새 창 열림",https://n.news.naver.com/mnews/article/030/0003470974?sid=105
빅데이터,"네이버뉴스
새 창 열림",https://n.news.naver.com/mnews/article/031/0001061897?sid=105
빅데이터,"네이버뉴스
새 창 열림",https://n.news.naver.com/mnews/article/138/0002243049?sid=105
빅데이터,"네이버뉴스
새 창 열림",https://n.news.naver.com/mnews/article/277/0005822401?sid=105
빅데이터,"네이버뉴스
새 창 열림",https://n.news.naver.com/mnews/article/008/0005420117?sid=101
빅데이터,"네이버뉴스
새 창 열림",https://n.news.naver.com/mnews/article/009/0005741563?sid=101
빅데이터,"네이버뉴스
새 창 열림",https://n.news.naver.com/mnews/article/018/0006377515?sid=101
